[
  {
    "model": "doubtstack.logindb",
    "pk": 101,
    "fields": {
      "stu_name": "Alice Johnson",
      "stu_email": "alice@example.com",
      "stu_branch": "MCA",
      "stu_start_year": "2024",
      "stu_end_year": "2026",
      "stu_dob": "2002-05-14"
    }
  },
  {
    "model": "doubtstack.logindb",
    "pk": 102,
    "fields": {
      "stu_name": "Bob Mathews",
      "stu_email": "bob@example.com",
      "stu_branch": "MCA",
      "stu_start_year": "2024",
      "stu_end_year": "2026",
      "stu_dob": "2001-11-22"
    }
  },
  {
    "model": "doubtstack.logindb",
    "pk": 103,
    "fields": {
      "stu_name": "Catherine Smith",
      "stu_email": "cathy@example.com",
      "stu_branch": "MCA",
      "stu_start_year": "2023",
      "stu_end_year": "2025",
      "stu_dob": "2001-03-10"
    }
  }
]
