[
  {
    "model": "doubtstack.logindb2",
    "pk": 201,
    "fields": {
      "tchr_name": "Dr. Anil Kumar",
      "tchr_email": "anil.kumar@mcet.edu",
      "tchr_dept": "Computer Science",
      "tchr_role": "Professor",
      "tchr_join_year": 2010,
      "tchr_dob": "1975-04-12"
    }
  },
  {
    "model": "doubtstack.logindb2",
    "pk": 202,
    "fields": {
      "tchr_name": "Ms. Neha Thomas",
      "tchr_email": "neha.thomas@mcet.edu",
      "tchr_dept": "Electronics",
      "tchr_role": "Assistant Professor",
      "tchr_join_year": 2015,
      "tchr_dob": "1985-09-21"
    }
  },
  {
    "model": "doubtstack.logindb2",
    "pk": 203,
    "fields": {
      "tchr_name": "Mr. Rajesh Pillai",
      "tchr_email": "rajesh.pillai@mcet.edu",
      "tchr_dept": "Mathematics",
      "tchr_role": "Lecturer",
      "tchr_join_year": 2018,
      "tchr_dob": "1990-02-17"
    }
  },
  {
    "model": "doubtstack.logindb2",
    "pk": 204,
    "fields": {
      "tchr_name": "Ms. Priya Sharma",
      "tchr_email": "priya.sharma@mcet.edu",
      "tchr_dept": "Chemistry",
      "tchr_role": "HOD",
      "tchr_join_year": 2016,
      "tchr_dob": "1988-07-05"
    }
  }
]
